x,y,z,t
0.04108990656349681,-0.9642805923287853,-0.5299078516434056,0
0.1034847588114928,-0.8477034197977344,-1.270702108607487,0.006289474781961547
0.10920409591750194,-1.0754345260055276,-1.5573627881784695,0.012578949563923095
0.10941180415875318,-1.1007415072316469,0.018853788479913404,0.018868424345884642
0.08469806054125961,-0.9788030996877538,0.24287439746840916,0.02515789912784619
0.20637323069138497,-1.0135562501735385,-0.5905681265105079,0.03144737390980774
0.1683583524674626,-0.8181553527235437,0.44396187866733094,0.037736848691769284
0.18605228459205167,-0.9964748067291809,-0.7731296322576715,0.04402632347373083
0.24579331296449816,-0.9699387593436101,-0.38881679090590504,0.05031579825569238
0.39735395419594693,-0.8978321731610021,-0.6468104528043384,0.056605273037653926
0.35868523605236086,-0.8669315480855627,-1.6924028851795088,0.06289474781961547
0.36644822489459217,-1.0271448839641528,-1.042710826649931,0.06918422260157703
0.3067549333756359,-0.9610879041605314,-1.0874873682621458,0.07547369738353857
0.44890460228951085,-0.9987052067857578,-1.8035808641794189,0.08176317216550011
0.4158727622342829,-1.1125037939351539,-1.222536445128044,0.08805264694746166
0.3434784378215957,-0.8468963099970845,-0.8452354717880185,0.09434212172942322
0.42013200542570706,-1.0135537298857276,-1.0314061523502196,0.10063159651138476
0.5415882620004276,-0.8973491156116575,-2.2896209273747514,0.1069210712933463
0.41264598649059503,-1.047613229340836,-1.70312628300071,0.11321054607530785
0.6307106938660693,-1.1256165018896682,-1.7726335759820429,0.1195000208572694
0.6005311998277983,-0.8967741028164307,-1.0218965733234944,0.12578949563923095
0.6336644707486095,-0.9787638216052476,-2.366523128838352,0.1320789704211925
0.6625192272411732,-0.8054435270535077,-2.0816637884527793,0.13836844520315406
0.7435034982696164,-0.8646898073945591,-2.813480711688677,0.1446579199851156
0.7057848736826954,-1.0064861889553143,-2.485914299821679,0.15094739476707714
0.8396018125117419,-0.9124202184849476,-2.1823239657719977,0.15723686954903868
0.7745088412762766,-0.8023111851158666,-2.0440122177850113,0.16352634433100022
0.84313673463953,-0.9216171287251337,-2.3011597228321845,0.16981581911296179
0.8830608405117615,-0.9277347174796611,-2.401053546290454,0.17610529389492333
1.1440703441539075,-0.9853770752226817,-2.655086259985086,0.18239476867688487
0.9698813671238105,-0.917817869325951,-1.9049994863181363,0.18868424345884643
1.0645336816152828,-0.9341346884214524,-2.491623595728875,0.19497371824080797
0.6734012603935285,-0.9319067069560218,-2.4107408824910164,0.20126319302276952
0.9488891227061795,-0.9756616722589139,-2.719806902441244,0.20755266780473106
1.0658605872240343,-0.8810325156340758,-2.6654680532940898,0.2138421425866926
1.1153510236325854,-0.9898616181836521,-3.1861659332529135,0.22013161736865416
1.092658486293898,-0.853204760697749,-4.070627000321821,0.2264210921506157
0.9475569284621469,-0.8365146786800117,-3.409919848637049,0.23271056693257725
1.393965906595224,-0.6836553051512556,-2.5254929913305526,0.2390000417145388
1.1288372560770368,-0.6813344793898233,-3.802618953575492,0.24528951649650035
1.1698674979092971,-0.9856390287282399,-2.9690197931298212,0.2515789912784619
1.1438403223856346,-0.9107333813064014,-4.442311488757909,0.25786846606042346
1.1220384393481406,-0.737692441190129,-3.8441789126039216,0.264157940842385
1.449164067948792,-0.6743918699518305,-4.078056700264304,0.27044741562434654
1.2731788147901018,-0.7397733729111352,-3.210044432629835,0.2767368904063081
1.4175014294448602,-0.8047577233599414,-2.8139350613601293,0.2830263651882696
1.5009147540522285,-0.91118391439782,-3.739770513801011,0.2893158399702312
1.4613741362286676,-0.7081158583709902,-3.7799761161651597,0.2956053147521927
1.592288059985874,-0.6683275671536214,-3.7315769058735526,0.3018947895341543
1.4345119500710495,-0.8150026966683145,-4.121045030417976,0.30818426431611584
1.3882363458994034,-0.6418579109072454,-4.067970746087198,0.31447373909807735
1.4301687027177445,-0.730621790518847,-3.73924092154375,0.3207632138800389
1.4443975210855708,-0.7576962107150725,-4.630892469908108,0.32705268866200043
1.7018870233045995,-0.6325572912720628,-3.8479304783271684,0.333342163443962
1.6401678926141707,-0.6941789481130023,-3.7405106596054907,0.33963163822592357
1.488544753047667,-0.6347522483500836,-5.125211950502711,0.3459211130078851
1.6472409164372073,-0.46376766184158225,-4.399597455773793,0.35221058778984665
1.5210818489977749,-0.4987488520703813,-4.375142905128493,0.3585000625718082
1.6186333600396707,-0.536419930970537,-3.7123410009284763,0.36478953735376973
1.6109183863959928,-0.5418492801815106,-4.390912454178459,0.3710790121357313
1.675323598686251,-0.6506666727483383,-3.908319899602785,0.37736848691769287
1.7483254759792726,-0.5093338122821667,-5.712994175663382,0.3836579616996544
1.791061943609641,-0.4970959850764783,-5.003857768120133,0.38994743648161595
1.8107815784194703,-0.3499634178992333,-5.089413191099961,0.39623691126357746
1.9029100473804976,-0.2496830228858808,-4.509563021158903,0.40252638604553903
1.7423924440379048,-0.3841868811921,-4.689442053547873,0.4088158608275006
1.7244306103945903,-0.4973280610060992,-4.113474084545301,0.4151053356094621
1.846022713464999,-0.41317013874500225,-4.594033108503395,0.4213948103914237
1.825579607265686,-0.5304877672633088,-4.774273744629509,0.4276842851733852
1.9538728165499801,-0.41398990968025523,-4.2511296977239885,0.43397375995534676
1.9736215927333043,-0.46326647032072193,-5.303510306275875,0.44026323473730833
1.9747315074901286,-0.18795169380513588,-4.124644040720253,0.44655270951926984
2.0566685188440013,-0.22686848306755558,-5.599370820716168,0.4528421843012314
2.0917540595805377,-0.20759857701429224,-4.608292502364674,0.459131659083193
1.9699442370552989,-0.1481659540101791,-5.249153295396943,0.4654211338651545
2.0424608513885794,-0.2387557112434182,-4.536319713193397,0.47171060864711606
2.1551396533465814,-0.2829809231225789,-5.216088096334617,0.4780000834290776
2.107806577470556,-0.28866902151060975,-5.060564249228955,0.48428955821103914
2.19146290385483,-0.08281298690514921,-6.140888545636564,0.4905790329930007
2.2342877716913554,-0.18268197051184654,-5.305029552982216,0.4968685077749622
2.3364372801631945,-0.19786392193885852,-4.762447290576825,0.5031579825569238
2.1288055871797757,-0.11484304960182715,-5.0281523966033195,0.5094474573388853
2.1001329291043174,-0.16267148366933207,-4.1480402509306336,0.5157369321208469
2.1305375631396246,-0.08577261221256921,-5.579056053165016,0.5220264069028084
2.310924944435563,-0.24389430597697492,-4.190529809765872,0.52831588168477
2.272600915728506,-0.22976028607470403,-5.528351439599026,0.5346053564667316
2.3398445327049435,-0.03541300952700803,-4.762801312699679,0.5408948312486931
2.314213036573075,0.06283672488408748,-4.210610510001944,0.5471843060306546
2.5510095722788226,0.015086232766112151,-4.979075237803035,0.5534737808126162
2.4462588856177314,-0.028180894644006662,-5.5039533781019205,0.5597632555945777
2.3001738470056523,-0.014512699766256819,-4.573048099841631,0.5660527303765392
2.3317931318709255,0.058179817812801134,-4.74588377324629,0.5723422051585008
2.3140541827305605,0.03447897017820147,-4.71365827013326,0.5786316799404624
2.1825358762766487,0.2037394128979412,-4.411661506614768,0.5849211547224239
2.2831812504605296,0.16472770922581287,-4.097535623570673,0.5912106295043854
2.4651638168749463,-0.13555111815183737,-5.516786587491732,0.597500104286347
2.568314674601268,0.16274006198803795,-5.749862649534703,0.6037895790683085
2.490657522938082,0.06686758308381137,-5.421695616166846,0.6100790538502701
2.311136509030847,0.06428106585668864,-4.949760460829072,0.6163685286322317
2.417799645161487,0.13542931411572157,-5.232720347335839,0.6226580034141932
2.411111053903813,0.27555491021899514,-3.963562699213737,0.6289474781961547
2.630030305597552,0.193865880974002,-5.6774519749728025,0.6352369529781163
2.360199811998952,0.2619595354441926,-5.140636510909569,0.6415264277600778
2.2974311470472193,0.2326563770619734,-3.9197343982880555,0.6478159025420394
2.6326137638872753,0.3329030249865864,-4.777182457346239,0.6541053773240009
2.5756880256212487,0.3112485901262545,-4.317483267378648,0.6603948521059625
2.5117518360046676,0.11787286847086084,-4.551611449679912,0.666684326887924
2.737479991067774,0.26176362708427386,-3.8876754168640515,0.6729738016698855
2.6703305272472684,0.09452700155191007,-5.008171253620848,0.6792632764518471
2.6466215978168113,0.43656430919455913,-3.9497926843554545,0.6855527512338087
2.6112128578838285,0.3223633260474944,-5.416100884934263,0.6918422260157702
2.8286104449561806,0.4161529269451393,-3.9992100417522467,0.6981317007977318
2.784651303951146,0.3976257026903677,-4.164746122752535,0.7044211755796933
2.555440791019729,0.345237434215903,-4.392654231885331,0.7107106503616548
2.620598844591579,0.5395362940957815,-3.7369862000110414,0.7170001251436164
2.636715865971415,0.5873953631563549,-3.9623306630028954,0.723289599925578
2.600519739123748,0.5969963201109623,-3.899174684536335,0.7295790747075395
2.727311664424189,0.47988366007881744,-3.676192320025851,0.7358685494895011
2.6724283693400563,0.4852150011389671,-3.59146435718096,0.7421580242714626
2.60271627794184,0.5780670806603457,-4.004912223813301,0.7484474990534241
2.544622703923835,0.6488895593771663,-4.31345319983565,0.7547369738353857
2.695562184648885,0.731835485875707,-3.9692045378897696,0.7610264486173473
2.601146665286211,0.6338112880360293,-3.947325839040803,0.7673159233993088
2.777619655287884,0.6661448346477208,-4.546397630823446,0.7736053981812703
2.5812640396838367,0.7832744573260201,-4.378314932274413,0.7798948729632319
2.831325204941466,0.5452619358147699,-2.8023380185540567,0.7861843477451934
2.798503791793264,0.7244864506339967,-4.640360916588107,0.7924738225271549
2.7127260892167415,0.8114386836592473,-4.0825072609739985,0.7987632973091165
2.57501401596654,0.782633431453431,-3.7137457818150468,0.8050527720910781
2.70691481972619,1.020702142233477,-3.535973398147977,0.8113422468730396
2.8725056070925796,0.8420638725560348,-3.006105724800779,0.8176317216550012
2.6822902401496553,0.7421100057668272,-2.4024182358327097,0.8239211964369627
2.763795510852547,0.9965421557257418,-2.699358840285681,0.8302106712189242
2.67986723758982,0.9457079393599475,-3.1300936598130686,0.8365001460008858
2.7254700373978293,0.7881035420846141,-3.01659802976613,0.8427896207828474
2.8513368505883845,0.6045162629422929,-3.134529891304283,0.8490790955648089
2.728857311128708,1.0660860685832314,-2.1043975291724104,0.8553685703467704
2.6346473682176184,0.93481171583704,-2.0250644474418986,0.861658045128732
2.599285402591114,1.1866588892439955,-2.2742302901164226,0.8679475199106935
2.8602224766369897,1.1129769868945458,-2.938392501244627,0.874236994692655
2.9357263193543974,1.1512526824196765,-1.7609393294695008,0.8805264694746167
2.6694287129793395,1.0185960181607405,-1.5505868956739242,0.8868159442565782
2.5654975003069445,1.030007490669488,-2.3030973098077845,0.8931054190385397
2.816738078182448,1.0877746002005926,-2.062415801797076,0.8993948938205013
2.736821009362949,1.1833070680978608,-2.2102365531624306,0.9056843686024628
2.5518238591216753,1.3217760325222587,-2.367964623337339,0.9119738433844243
2.762511787885931,1.2023244195998042,-1.477126693870359,0.918263318166386
2.6344546303287033,1.291626194227535,-0.9303159343488543,0.9245527929483475
2.6839265485917116,1.2020565562303398,-1.7504291015999636,0.930842267730309
2.605491607281057,1.1485756851916202,-1.8711663711291016,0.9371317425122706
2.7170108955253753,1.1921230169025125,-1.3598671682966001,0.9434212172942321
2.8326364083754227,1.2371830615134691,-1.6050018845905267,0.9497106920761936
2.6265825284401005,1.297738961035071,-1.4972638191400294,0.9560001668581553
2.745169023671143,1.2207831702864422,-1.1041520554180624,0.9622896416401168
2.6900551040179757,1.3240688202812834,-1.1637014055082322,0.9685791164220783
2.6214353345462533,1.1647686021998038,-1.2689807525565393,0.9748685912040398
2.6903682507206623,1.3445463474929815,-1.2372289382681494,0.9811580659860014
2.6875983626073716,1.3053134309989378,-0.5930225628460233,0.9874475407679629
2.848387785234451,1.2527577346719918,-0.7497414407880487,0.9937370155499244
2.6483368428949725,1.2644277000250148,-0.4544597392426797,1.000026490331886
2.713740869304676,1.320482363797803,-1.485964612411048,1.0063159651138476
2.783516927424717,1.4056704589861189,-0.987617507502029,1.012605439895809
2.669663292862287,1.453811133958645,-0.2967769325612193,1.0188949146777706
2.5426394352019734,1.4502491751219915,-1.2757857210659194,1.0251843894597321
2.835977678076479,1.577346205960273,-1.0245192380525425,1.0314738642416938
2.5638117426298175,1.4596227333634335,-0.41814898906549147,1.0377633390236554
2.6734014817926908,1.622132695881912,0.10943324756176175,1.0440528138056169
2.647470744928592,1.6884645777546199,0.14602474503833235,1.0503422885875784
2.576836893877847,1.5991183651041245,0.2875861688992374,1.05663176336954
2.5707991345906493,1.3911272929702811,-0.5396338441849131,1.0629212381515014
2.6497069618512485,1.4799865852924303,0.924705969500631,1.0692107129334631
2.480232699322818,1.52320828746841,0.26677759874213663,1.0755001877154247
2.5312105800377904,1.510201851346433,0.6839698099374903,1.0817896624973862
2.623109271265251,1.6614518549694708,0.9840530107910521,1.0880791372793477
2.359742160178516,1.4418980714310052,0.11874740782662284,1.0943686120613092
2.689216363481188,1.5091096199186886,0.824991381717025,1.1006580868432707
2.272851555941648,1.6718160352175442,0.07950532453791181,1.1069475616252324
2.3316877714831725,1.7292608498631077,0.15032747362409948,1.113237036407194
2.47310213405694,1.620042275974237,0.419509606841518,1.1195265111891555
2.450573015254558,1.8617473722166111,1.4663078816987047,1.125815985971117
2.4791513638848195,1.8169781597925794,1.6861992946776903,1.1321054607530785
2.4992800950351977,1.8581250153109528,0.5115373103112422,1.13839493553504
2.3326403856062017,1.7827071720720842,1.1155691098456273,1.1446844103170015
2.457427922720732,1.8330318376024048,2.3590947714142128,1.1509738850989633
2.46071490472503,1.7599800446773324,2.213972129264541,1.1572633598809248
2.5003518282289265,1.9410658387701458,1.208612909516331,1.1635528346628863
2.5380626772283836,1.6740812219337131,1.543028125660805,1.1698423094448478
2.4397981473545767,1.8286171655046761,2.410483482054278,1.1761317842268093
2.461291496666541,1.8149294098512283,1.3583335173097033,1.1824212590087708
2.326607740452116,2.1036548624545994,2.104237507789114,1.1887107337907326
2.292747547397393,1.7902549717419864,2.9736797720379657,1.195000208572694
2.2194239792674395,1.786141717231258,3.060808917045588,1.2012896833546556
2.352108607796122,1.717279642029615,2.7618831291840396,1.207579158136617
2.3709345361493135,1.8244798110206326,2.369811933355105,1.2138686329185786
2.218674496295792,1.7671519333337762,2.214569861716178,1.2201581077005401
2.2871172499370296,1.7591287809223275,3.369635841345651,1.2264475824825016
2.188847445770648,1.9354857361703124,3.4350193800493733,1.2327370572644634
2.2750332254355534,1.8069910051123546,1.9283747130924707,1.2390265320464249
2.148816524020436,1.9496498788845504,2.5013231171450876,1.2453160068283864
2.2313517006254218,1.9427023444034857,3.666914690547359,1.251605481610348
2.196778005885448,2.057080517916788,3.604140012396547,1.2578949563923094
2.1037071260297964,2.0704889934189223,2.6862719026413413,1.264184431174271
2.096393571437282,1.8301688618081942,2.5003542378555865,1.2704739059562327
1.8901646977635467,2.1020587256872223,3.0770092643551776,1.2767633807381942
2.0986440507150754,2.0635725075138542,3.6084262604131645,1.2830528555201557
2.2213658026082497,1.8613358021951334,3.4304898271213977,1.2893423303021172
2.075722899029742,1.8983683103692939,3.933910776234479,1.2956318050840787
1.8162326452036606,1.84652703663056,3.2194299318697395,1.3019212798660402
2.0278367583595327,1.9392115723305492,3.971618139868834,1.3082107546480017
1.9289594741007803,2.015895898199296,3.8808243733704293,1.3145002294299635
2.0316278125762057,2.054836049731061,3.9658680356405185,1.320789704211925
2.0214279959448875,2.2218621830026857,3.3305779794194685,1.3270791789938865
1.882392698744177,1.9081392090465814,3.696399050455504,1.333368653775848
2.0071351233120165,1.8213268255086192,4.009008817538443,1.3396581285578095
1.8279844241515502,2.0939762302628524,4.263601688341787,1.345947603339771
1.7810127583548772,1.9489260255956016,4.114306644264562,1.3522370781217328
1.866983374563067,2.1088533032153856,4.199302479141661,1.3585265529036943
1.6520206513193116,1.992378994328984,3.7432036811512743,1.3648160276856558
1.7462678710652508,2.09090683519279,4.070102437738446,1.3711055024676173
1.8350902699858915,1.9932228138847812,4.956676567691338,1.3773949772495788
1.790126549655109,1.9647106564830699,4.070415641457391,1.3836844520315403
1.5843708323971046,2.016363963120298,5.216164572385196,1.389973926813502
1.7022544944003521,1.9930553807642546,4.256446096849875,1.3962634015954636
1.5780552185189733,1.9148174950042536,3.7854943076819714,1.402552876377425
1.5548683587362173,2.0989143252127738,4.013861473622611,1.4088423511593866
1.5795305595611433,1.8665195621982618,5.202384507282315,1.4151318259413481
1.66456241204569,2.077235332281666,5.033522825300825,1.4214213007233096
1.5924248318118692,1.9679336584874867,3.907360979580102,1.4277107755052711
1.6953637305535665,1.995558395218843,4.37430141602817,1.4340002502872329
1.4697169550181446,2.0731491579422765,4.915569844446254,1.4402897250691944
1.6157938460604953,2.003916720882918,4.661739666608091,1.446579199851156
1.4364849347959678,2.0825531895823124,5.247226306003921,1.4528686746331174
1.3360006127247188,2.094956504413409,5.217063841333571,1.459158149415079
1.2346662941522812,2.1674588446565126,4.495738086338456,1.4654476241970404
1.4022552653664269,2.1687728298295688,4.4401984573231035,1.4717370989790022
1.5899881530694362,2.0982994408041473,5.101954783254615,1.4780265737609637
1.2654706469396884,1.9288938758700114,4.7754464363956926,1.4843160485429252
1.090526714965344,2.0655272760726247,5.209861217437468,1.4906055233248867
1.166832718127011,2.1704997336529614,4.879402749155232,1.4968949981068482
1.329947802246913,2.022215595169805,5.005820212774341,1.5031844728888097
1.4001110840824063,2.0693265512676176,5.084363432842939,1.5094739476707715
1.0915075166856802,1.9823798877388308,5.286691948427701,1.515763422452733
1.1576367485594032,2.3324745263341042,4.985023299190733,1.5220528972346945
1.1872368858553033,2.1510647089369583,4.963666196033078,1.528342372016656
1.0581756208326418,1.9793231486705878,5.4620912708802365,1.5346318467986175
1.1248563335777058,1.9573289966878846,5.261578993185166,1.540921321580579
1.0276128058794918,1.96692380647752,5.485002798919345,1.5472107963625406
1.0939049492966275,2.001288236595998,4.608816212143313,1.5535002711445023
1.091472675477932,2.0597256634067174,5.612885206448937,1.5597897459264638
1.043336921953486,2.106828707140543,4.297378480444217,1.5660792207084253
0.9482777451356972,2.2466634005475874,4.608431143928032,1.5723686954903868
0.8068850167979879,1.9744220562361379,4.733645360665104,1.5786581702723483
0.898296972462834,1.9275762895124826,3.828119906911322,1.5849476450543099
0.7937253601261541,1.9447308003372528,5.212438092465178,1.5912371198362716
0.8960316374216009,2.102780989096704,5.366400373028472,1.597526594618233
0.890817050396624,1.842212103331859,4.964009065780621,1.6038160694001946
0.7628303736915147,1.9109984723797373,5.5127616067014955,1.6101055441821561
0.8114116046809341,1.9772669388260578,4.414900536136831,1.6163950189641176
0.7493482428137247,1.7918734828588938,4.8716088947173715,1.6226844937460791
0.6739740391689792,2.051287087269125,4.311881860556242,1.6289739685280407
0.5536979658013151,1.877584607022562,4.732029050652944,1.6352634433100024
0.7880423252256147,1.767555949626254,5.391198384933714,1.641552918091964
0.7610901959324176,1.910324489882487,4.460418804472866,1.6478423928739254
0.63284032503379,1.9464712907688682,4.437054326104838,1.654131867655887
0.6829225775325567,1.790633093536497,3.8943045545968036,1.6604213424378484
0.6347271042572652,1.8345253052835584,3.8915715639854764,1.66671081721981
0.623659690383273,2.092019598766657,5.12885879256113,1.6730002920017717
0.5784998325201146,1.7957949864494547,5.364756664337698,1.6792897667837332
0.6012965155649778,1.92077812861308,5.351097780206456,1.6855792415656947
0.5317478916815529,1.8582462915984939,4.530876972093238,1.6918687163476562
0.7838487204057158,1.785205069667996,4.706208350663825,1.6981581911296177
0.3448567757335844,1.7049310587459352,4.177899715045797,1.7044476659115793
0.3625169632549775,1.7386522178526016,4.694067905459659,1.7107371406935408
0.41025854336552586,2.023198631528539,5.214059327222284,1.7170266154755025
0.28762443337852406,1.7129075726729435,3.7243982845641592,1.723316090257464
0.38079099036536296,1.7729405708638164,4.030324478620298,1.7296055650394255
0.37104421226449785,1.9581943793037222,3.7487328045204804,1.735895039821387
0.36782190410884913,1.8261863037744412,4.8540141310253135,1.7421845146033486
0.24840193077067482,1.6114712630117254,4.261349224640394,1.74847398938531
0.2047488250190191,1.5901583077891877,2.824066829097479,1.7547634641672718
0.3003701409816219,1.7592407974798778,3.4934172231637883,1.7610529389492333
0.28887772558128955,1.6681812066412305,4.464298975866335,1.7673424137311948
0.18681195178692428,1.6654785903611218,3.6720352674103425,1.7736318885131563
0.18324070300681053,1.4594598227414128,4.2870036145232815,1.7799213632951179
0.09024531893357038,1.4849271980489773,3.114899243300674,1.7862108380770794
0.21244064188359324,1.4900503423269835,3.201829377254767,1.792500312859041
-0.1169825552833087,1.4252319280147727,4.255744691530476,1.7987897876410026
-0.0018674825678150903,1.6795159257235737,3.611265725697037,1.8050792624229641
0.07898172065444067,1.6834535644534023,3.1373119885553455,1.8113687372049256
-0.014190863948533722,1.5166162207017255,4.819316383626676,1.8176582119868872
0.03990635494069688,1.4574295253002303,3.637086266005834,1.8239476867688487
-0.24930772910772675,1.428488921814591,4.319866853910171,1.8302371615508102
0.02221572996113333,1.4418461819831019,4.529755550461629,1.836526636332772
-0.1119037800516141,1.4172795003821181,3.449563506395016,1.8428161111147334
-0.18380868653957455,1.4970305580799042,3.464328914270929,1.849105585896695
-0.04271738640093409,1.407220995637631,3.0704155456714606,1.8553950606786564
-0.25185234208248797,1.4717904408910445,3.3482516376149403,1.861684535460618
-0.20477405095307022,1.1459008257735686,3.2196317912504635,1.8679740102425795
-0.26869696422095385,1.344937230091889,4.259991170354776,1.8742634850245412
-0.3493541676188775,1.3318803538760948,3.652939408104073,1.8805529598065027
-0.07128663789320386,1.2807425963309476,2.5756832494665813,1.8868424345884642
-0.1856702197945419,1.3379372701919103,2.466479343893005,1.8931319093704257
-0.2629351812117076,1.2442601828425166,1.8463850033996245,1.8994213841523873
-0.19175560281877913,1.397360738024755,2.9017648025186995,1.9057108589343488
-0.10579625384672478,1.403334424490413,2.6465805008954675,1.9120003337163105
-0.3504054394207989,1.2345251041594774,3.1542837536921113,1.918289808498272
-0.2628512269265574,0.8694906097983404,1.9662948437026653,1.9245792832802335
-0.3893450193948973,1.3072183488616693,2.088357230201363,1.930868758062195
-0.47123871317981425,1.2519690335318059,2.6887853327378513,1.9371582328441566
-0.4446185877862998,1.091726078641621,2.41988873992523,1.943447707626118
-0.48514800170215094,1.1123505826050055,1.8942210027158053,1.9497371824080796
-0.6162710387783351,0.9436281748801868,2.7951807329638436,1.9560266571900413
-0.5460798209979469,1.173777934539789,2.118034717090243,1.9623161319720028
-0.37671948879683514,1.0231451519846806,2.19746991614781,1.9686056067539643
-0.34706732421004505,0.9692328938864138,2.96173283726152,1.9748950815359259
-0.4867234960788097,0.8237555095809564,1.8023520167700349,1.9811845563178874
-0.606026586365514,1.170226774690261,1.5959182463214332,1.9874740310998489
-0.44400554666416325,1.0488999313070826,2.073263743207306,1.9937635058818106
-0.637999114134621,0.9297890969801548,1.1017802204808724,2.000052980663772
-0.5990256008749786,0.9188433243558947,0.11945646130767346,2.0063424554457336
-0.6997694686927332,0.9381627242458035,0.277936883202483,2.012631930227695
-0.5235608095369941,0.8887525229642811,0.7401131072054488,2.0189214050096567
-0.7342531637674283,0.6850108812239056,0.46503554745753856,2.025210879791618
-0.7820906441240113,0.6764568760623393,0.9086375831942199,2.0315003545735797
-0.786454792399994,0.8222286830176766,1.5094814476173095,2.037789829355541
-0.7418070377850757,0.884654535311802,-0.7989007463164467,2.0440793041375027
-0.851522723560756,0.7395135662829543,1.1311168941118495,2.0503687789194642
-0.7102546377140104,0.7730987427938856,0.9054018230882557,2.056658253701426
-0.7639128984303197,0.5490774431501394,0.5124461886640004,2.0629477284833877
-0.7432137003441317,0.5420343000908331,0.7938466266020476,2.069237203265349
-0.9840533012306749,0.7257425932749356,0.36362849107689665,2.0755266780473107
-0.9203043315730147,0.5953404986545777,0.5311641563886017,2.0818161528292722
-0.7274710680949787,0.45829525438978386,-0.2426374914760479,2.0881056276112337
-0.7953698499148641,0.581252230960756,-0.11845228303380895,2.0943951023931953
-0.8694949840202693,0.5295969035678302,0.1423990256337869,2.1006845771751568
-0.9946515683182181,0.3437052128200181,-0.4269304791269115,2.1069740519571183
-1.1466654967427123,0.6130345500844853,0.7170894224446431,2.11326352673908
-0.8832309163859335,0.40246696610505434,-0.07152640589487586,2.1195530015210413
-0.89572716290995,0.3173188503771004,-0.3693730389566754,2.125842476303003
-1.0588133496239607,0.24144592413594634,-1.212595175592059,2.1321319510849643
-0.8718353908316222,0.4584648811019969,-1.5735954571588773,2.1384214258669263
-1.0256714828290325,0.22661039594033433,0.052003114083991886,2.144710900648888
-0.9394443104935797,0.24586413745812286,-0.5059824190407028,2.1510003754308493
-1.029114591106766,0.2512099685664039,-0.6102507515643414,2.157289850212811
-0.9512909666759949,0.4041378082849756,-0.3757938171216199,2.1635793249947723
-1.0662054163359396,0.24916878910237958,-0.1025895754535644,2.169868799776734
-1.1152389367428064,0.3105335705882206,-1.4226504870789725,2.1761582745586954
-1.117222365220107,-0.07253071743216283,-0.9400177936954174,2.182447749340657
-1.0309704272596245,0.2720217617966003,-1.1997474507906254,2.1887372241226184
-0.9942346177364205,0.159536447546745,-1.1309082251152764,2.19502669890458
-1.1583777588229602,0.06849754246418124,-1.1600630788183117,2.2013161736865414
-1.031310109139425,-0.013681494415884768,-1.361430813900098,2.207605648468503
-1.185398309037624,-0.22326166471887207,-1.5336405003059406,2.213895123250465
-1.1873541012293931,-0.05413534346335015,-1.359928821583587,2.2201845980324264
-1.1530694907339534,-0.06275403794456333,-2.5359737199652255,2.226474072814388
-1.1384485706309948,-0.17285229879238578,-2.1983527365476214,2.2327635475963494
-1.2517236035570314,0.011492494978704942,-2.053687525231767,2.239053022378311
-1.1580473055608649,-0.11394039468168367,-1.5199396076910412,2.2453424971602725
-1.2025538256468111,-0.40155030663022595,-2.916363939766761,2.251631971942234
-1.2902528470574497,-0.37254006111241533,-1.0283366932961167,2.2579214467241955
-1.318791869039675,-0.17824448442281907,-3.531928185967158,2.264210921506157
-0.9979338204730303,-0.572075540298256,-2.6862468911221224,2.2705003962881185
-1.3005882083771432,-0.3264031208563632,-3.1120072617576393,2.27678987107008
-1.311790403877503,-0.19659057032753474,-2.477049733278958,2.2830793458520415
-1.2034444563533335,-0.425824041084268,-2.8794659424518088,2.289368820634003
-1.3598077028915045,-0.48930939823290454,-3.0106797988930447,2.295658295415965
-1.168607345865104,-0.3624884766716264,-3.378574648389072,2.3019477701979265
-1.2424042705044565,-0.5331891371588601,-2.5685412783741954,2.308237244979888
-1.2356137362066089,-0.4400363778444259,-3.8231378532649924,2.3145267197618495
-1.3544182421086366,-0.5824131335021578,-3.2193062373561925,2.320816194543811
-1.3298570258665647,-0.5415152423798666,-3.2229538607494175,2.3271056693257726
-1.4025608616045016,-0.6344607576972466,-3.698913546588607,2.333395144107734
-1.4011403354783876,-0.5991786687079257,-3.1554750588967466,2.3396846188896956
-1.3401762608098495,-0.5539826117718709,-2.9136097519351507,2.345974093671657
-1.26872255645447,-0.5992317639632003,-3.7568213299247466,2.3522635684536186
-1.2900656471047782,-0.7096997453698586,-3.8178546860494804,2.35855304323558
-1.144125258806413,-0.7663110653551085,-3.234564886323738,2.3648425180175416
-1.228277566698204,-0.6366376696446775,-3.639558925812115,2.371131992799503
-1.3369775455695825,-0.9762709862945924,-4.351200351283958,2.377421467581465
-1.2082555990066717,-0.7264634645699894,-3.2901326991117843,2.3837109423634266
-1.2872765189873752,-0.9123389880427601,-3.8282869539817908,2.390000417145388
-1.3411160385678875,-0.9608337599348207,-3.5960653129076343,2.3962898919273496
-1.223713546602259,-0.9484366524691714,-4.5441527202595635,2.402579366709311
-1.4271991884367878,-1.0335695843290782,-3.959403703662013,2.4088688414912727
-1.255946160199965,-0.9436263041972403,-3.7155912226000103,2.415158316273234
-1.354180234072853,-1.1104101333981022,-4.883824386034005,2.4214477910551957
-1.3946283586779393,-1.0032627013348079,-3.763121949271503,2.427737265837157
-1.2917840709564141,-0.9861118738096604,-4.188286374163507,2.4340267406191187
-1.174212985150974,-1.0232725113608372,-3.684916746793092,2.4403162154010802
-1.4329380384533872,-1.1743244253706941,-4.127141172434014,2.4466056901830417
-1.2783169235352227,-1.3655565838394528,-4.859165130843641,2.4528951649650033
-1.2790012261619799,-0.9940424396294222,-4.619961176711927,2.459184639746965
-1.4471029089948158,-1.1188452591515543,-3.9204774232618664,2.4654741145289267
-1.3220775230555653,-1.3672846529588814,-4.87580747567936,2.4717635893108882
-1.2313025381294396,-1.1329398363440015,-4.689163800685068,2.4780530640928498
-1.4245210891529898,-1.2849182925531053,-4.640589741371469,2.4843425388748113
-1.1774066152184088,-1.155480025656558,-4.569344120096692,2.490632013656773
-1.268399190674316,-1.3741270342934029,-4.094420497332977,2.4969214884387343
-1.2567571140920022,-1.1547862348024434,-4.225900091157252,2.503210963220696
-1.198646782308405,-1.2060009099218647,-5.070967731287421,2.5095004380026573
-1.0937693729747524,-1.5209547030662465,-4.457203313752507,2.515789912784619
-1.4209633735551972,-1.5302175641962583,-4.849698987521538,2.5220793875665803
-1.4299074662829823,-1.438577171149462,-4.199027813481209,2.528368862348542
-1.2784212462907325,-1.684722695759097,-4.717672687826391,2.5346583371305034
-1.3378905149941105,-1.547166882651407,-4.178726148039258,2.5409478119124653
-1.2424692841843494,-1.5167273525824894,-5.190000575220603,2.547237286694427
-1.4338984665029508,-1.7653655987422447,-4.170958902496281,2.5535267614763884
-1.3150887165526643,-1.5076139574604606,-5.123608178039305,2.55981623625835
-1.3405294301190793,-1.5929716173573956,-4.47569461553868,2.5661057110403114
-1.279442041087479,-1.6922684619206683,-4.235829748647599,2.572395185822273
-1.4068359980150749,-1.5910447559895684,-5.654363094205047,2.5786846606042344
-1.3419633168836387,-1.8085175274938814,-5.08749129076188,2.584974135386196
-1.3197885662275421,-1.8544101428594721,-5.10462928093221,2.5912636101681574
-1.2552124198842027,-1.7057168799576308,-5.42797755743739,2.597553084950119
-1.1356406683357736,-1.7606872549454944,-5.389238723525928,2.6038425597320805
-1.1378418477658225,-1.8417059987741078,-5.328954663426085,2.610132034514042
-1.2077931775593413,-1.8051139063119142,-5.372730044288726,2.6164215092960035
-1.1819491639091333,-1.7203734409394422,-5.224463971285943,2.6227109840779654
-1.121193963481478,-1.9569978134119261,-5.0237709655870875,2.629000458859927
-1.1544963604420595,-1.922545264116617,-4.05512382957642,2.6352899336418885
-1.1881839808934938,-1.8125333947766626,-3.845267339312415,2.64157940842385
-1.2943681402169247,-2.059233349899773,-5.231406525061501,2.6478688832058115
-1.2145210474722907,-2.1317049556069754,-5.183092444664297,2.654158357987773
-1.1398612084817525,-2.2198500849558456,-5.079263000937471,2.6604478327697345
-1.1959585667041785,-1.8924467181629034,-4.39968302101782,2.666737307551696
-1.1856995646836002,-2.1375214539679064,-5.014984521259124,2.6730267823336575
-1.2072662978165274,-2.0363175489320176,-5.277819647786304,2.679316257115619
-1.267272371521913,-2.135515294512438,-5.839233432444372,2.6856057318975806
-1.127201350257178,-1.8591830494396675,-5.262310235540677,2.691895206679542
-1.2848387976231463,-1.8831040890484292,-5.804149311118626,2.698184681461504
-1.1367816475678074,-2.1408420816575617,-5.158636698892075,2.7044741562434655
-1.1713133442606503,-2.184039475717099,-5.011600267483694,2.710763631025427
-1.323609844627005,-2.2922692794549735,-4.851864819003434,2.7170531058073886
-1.0792001036338201,-2.2429632657258622,-5.188166039993373,2.72334258058935
-0.894754810946698,-2.184379107829997,-4.171642781054303,2.7296320553713116
-1.0843428507157788,-2.3174838791719528,-4.898692895255404,2.735921530153273
-1.1626858446470834,-2.326587794023073,-5.0467570838317055,2.7422110049352346
-1.0416737515817789,-2.3806293993173187,-4.6387821080793685,2.748500479717196
-0.9072221533615035,-2.3745610693038075,-5.11911947160414,2.7547899544991576
-0.95106585727938,-2.24186100053272,-4.405659596883949,2.761079429281119
-0.9648700058679527,-2.342574797701939,-4.5252745064062445,2.7673689040630807
-0.9304867520368761,-2.398205720669662,-4.635838180757062,2.773658378845042
-0.9690898124377465,-2.4904326165953643,-4.733578005969662,2.779947853627004
-0.9330432822276374,-2.4190765326144223,-4.374002402138329,2.7862373284089657
-1.1012851617245059,-2.579862593660609,-3.810073272719502,2.792526803190927
-0.9935618075155828,-2.4911253114153085,-4.589566391540731,2.7988162779728887
-1.0387051086766192,-2.5063712436326417,-3.8445781270510877,2.80510575275485
-0.8195538182726239,-2.50064196178737,-3.7439246849915966,2.8113952275368117
-0.7057908679023999,-2.587329914504278,-4.33302135375704,2.817684702318773
-0.9230144361844997,-2.564290587234972,-4.002067294309131,2.8239741771007347
-0.859670294118157,-2.5031330417745625,-4.311190086671272,2.8302636518826962
-0.7744504661457634,-2.6180286743946404,-2.8347746917220062,2.8365531266646578
-0.9603581571888951,-2.7522296958601116,-3.7377990716717067,2.8428426014466193
-0.7835919987004791,-2.81991759973127,-3.638329453146273,2.849132076228581
-0.793600391578445,-2.50535335519093,-3.530247348438267,2.8554215510105423
-0.6462819243747223,-2.5718110808618544,-3.923937885076265,2.8617110257925042
-0.9474256498837783,-2.6753214030643,-3.7054963687788964,2.8680005005744658
-0.6326280824588043,-2.6451256854925775,-3.4829963554153687,2.8742899753564273
-0.6984357014103681,-2.7454435855779127,-4.334169789083332,2.880579450138389
-0.8968750100247809,-2.8574893359374727,-3.253431286950602,2.8868689249203503
-0.9009926419284042,-2.735900678899795,-3.9427137064893474,2.893158399702312
-0.6295030666159989,-2.6741937568571705,-3.316841598441012,2.8994478744842733
-0.5901882177354292,-2.9050680763453407,-2.710108709673901,2.905737349266235
-0.6667817719096146,-2.7591412436283353,-3.450176139048664,2.9120268240481963
-0.6120696457654168,-3.0168209627823908,-2.698483616319431,2.918316298830158
-0.4746020540325508,-2.8055728681316032,-3.615116510757547,2.9246057736121194
-0.7898835525703944,-2.750900569338582,-3.3599799869250346,2.930895248394081
-0.5635185565288527,-2.7802830050410723,-3.034589111542543,2.9371847231760424
-0.6526706691308735,-2.728059378138565,-2.430971619621065,2.9434741979580044
-0.6334098589635062,-2.773978579202826,-3.3097215396451625,2.949763672739966
-0.4074366981298707,-2.7790921223960168,-2.888453553845581,2.9560531475219274
-0.5522415683738419,-2.827494673410136,-3.3058075428930622,2.962342622303889
-0.6390201544922024,-2.9359555224084763,-3.4157830365019057,2.9686320970858504
-0.3042414107943273,-2.866711716058483,-3.861375593312192,2.974921571867812
-0.5212576121506675,-3.019402202515983,-1.8074733846434712,2.9812110466497734
-0.4879671719613194,-2.9280306305373363,-2.559448989957863,2.987500521431735
-0.5366294454394114,-2.73474311761989,-2.2904330250729776,2.9937899962136965
-0.5675831277611455,-2.956028244579828,-1.8448257633028131,3.000079470995658
-0.40902913773837624,-2.926972503760052,-1.9357848499917654,3.0063689457776195
-0.3951721162913194,-2.8993524757133446,-2.1563821952565605,3.012658420559581
-0.3854481177172084,-2.823499525026368,-1.4904067090865545,3.018947895341543
-0.22457466255160935,-2.9336325866643196,-1.2962200653760225,3.0252373701235045
-0.3834593882522097,-2.911243379757196,-1.2703876618373946,3.031526844905466
-0.3758871027729493,-3.119727105035019,-1.7840685844303308,3.0378163196874275
-0.25554370619197997,-3.0026489835955146,-1.6956877063746196,3.044105794469389
-0.23872957277211107,-3.120372442186695,-1.1982688541171889,3.0503952692513505
-0.12023904110930861,-2.8922200016375266,-1.8099101726239146,3.056684744033312
-0.2992419701282806,-2.9409130335981564,-0.9804928230331101,3.0629742188152735
-0.17955734466146822,-2.951687250164293,-1.011539427858,3.069263693597235
-0.17212463513847479,-2.808448133973854,-1.2990047916436098,3.0755531683791966
-0.09581942497862454,-2.9053434497794055,-0.20220645744945226,3.081842643161158
-0.3223434399914076,-3.084734464100252,0.05297244092505968,3.0881321179431196
-0.20808964454545925,-2.9446636502573766,0.19360738971489821,3.094421592725081
-0.23138419933078508,-3.0688837834903904,-0.4012663192564991,3.100711067507043
-0.2356325556894287,-2.9282091909476455,0.18056617457358898,3.1070005422890046
0.0811596305470567,-2.999539703427586,-0.4865913700453816,3.113290017070966
0.12410261467365491,-2.9463420637374975,-0.5843102758622882,3.1195794918529276
-0.13786724012550572,-2.913687778143131,0.17713558604346857,3.125868966634889
0.025447094456699487,-3.1075998037784447,-0.07755853569348777,3.1321584414168506
0.007694765322025109,-2.977682441688455,0.6723844544909481,3.138447916198812
-0.0933192936687744,-3.0665955298995065,-0.9425371804127456,3.1447373909807737
0.07745340612194186,-3.032074701487723,0.0054020986665552495,3.151026865762735
-0.0727755602429609,-3.0156035576862985,-0.2108229891012634,3.1573163405446967
-0.08003068983696347,-3.1319369749809036,0.7526505959855118,3.163605815326658
0.10676409940141912,-2.946374731591038,0.279105021361566,3.1698952901086197
0.34883926587076963,-2.7526672130727485,1.3725836157420988,3.176184764890581
0.1560847884493209,-3.1465908406645084,1.10772805148554,3.182474239672543
0.0793435308353142,-3.0429658000659563,0.41221846035081233,3.1887637144545047
0.19972798628799981,-2.8714420444717126,1.0150000346623187,3.195053189236466
0.13698442603556965,-2.980316030775482,1.1691677938293588,3.2013426640184277
0.10755037381463722,-2.911768275859527,0.5061287290849169,3.2076321388003892
0.2680048850632132,-2.947535131897121,1.3095472131733308,3.2139216135823507
0.20878405367942698,-2.928103305545194,1.091396512445485,3.2202110883643122
0.25788220476570395,-3.0292933046189505,0.8426517804955446,3.2265005631462738
0.1157137958059927,-3.0224046584634876,0.782787338193994,3.2327900379282353
0.1728698837419426,-2.9117363507264007,2.115939513805653,3.239079512710197
0.31410488580088264,-2.960289892865055,1.6572813061645735,3.2453689874921583
0.21552659314977923,-2.920557956839299,1.0493228697398522,3.25165846227412
0.38863328662545005,-2.9888148778147383,1.6205638045781492,3.2579479370560813
0.40031826666193066,-3.0301033928063665,1.2345030057183743,3.2642374118380433
0.431295192971623,-3.0316908111806957,1.5394743296770748,3.270526886620005
0.4677924313874515,-3.087072890779129,2.087115014624822,3.2768163614019663
0.4169428402445992,-2.856310763277283,2.181574898003552,3.283105836183928
0.5046677109705483,-2.794117640754802,1.251510813822803,3.2893953109658893
0.5172950220362431,-2.905057226167046,2.3864620462068773,3.295684785747851
0.4506848090436752,-2.83902213135926,3.0741786775968283,3.3019742605298124
0.40499641259488395,-2.8719144607086378,2.9058945921199304,3.308263735311774
0.48308318706345776,-2.8955117965443633,2.3391120007680413,3.3145532100937354
0.4586828143711429,-2.8453638626416504,2.6303869433228444,3.320842684875697
0.5450013496596432,-2.7970825516010906,3.1575059240564443,3.3271321596576584
0.5538214529831078,-2.7904004834895844,2.0319527345349373,3.33342163443962
0.6069367804145721,-2.9218778394680975,2.2606470732065582,3.3397111092215814
0.5452778088971424,-2.926570423731257,2.9479866642324177,3.3460005840035434
0.6547816421170188,-2.815538622302136,2.480598076172078,3.352290058785505
0.556512370244703,-2.7499341984485532,3.0509343501073167,3.3585795335674664
0.6516096412518194,-2.7946053956079444,2.8701106274665626,3.364869008349428
0.5505639032025634,-2.8284840601827668,3.5706543273305646,3.3711584831313894
0.6487649975991859,-2.643770856071463,2.6070871016944275,3.377447957913351
0.6775708370364047,-2.8378455188268616,3.603371606776541,3.3837374326953125
0.7145078252071352,-2.909963659489176,4.0736636598522535,3.390026907477274
0.6580577737504509,-2.6806129030079315,3.1449283797812555,3.3963163822592355
0.7627207288397968,-2.686541717426214,3.506793625255804,3.402605857041197
0.7291926616106543,-2.497552866442893,3.45194255923583,3.4088953318231585
0.7582674999531047,-2.8344141471104347,4.028560094789704,3.41518480660512
0.6677212778345674,-2.719772698195723,3.2560298458953616,3.4214742813870815
0.7918762289900497,-2.5094658838746375,4.775308879586719,3.4277637561690435
0.9406836885143625,-2.6393650120445225,3.906191918428819,3.434053230951005
0.7787101857577169,-2.5515514439146627,3.987975258482033,3.4403427057329665
0.8990671912236864,-2.578863710356862,4.223263009747111,3.446632180514928
0.7264270355577919,-2.634876502019192,3.675008344886137,3.4529216552968895
0.8410051877631655,-2.612787158746826,4.053992341085672,3.459211130078851
0.8363783249539054,-2.5274143184473084,3.154829525995696,3.4655006048608126
0.8275206545943049,-2.3958662639795656,4.393197734899903,3.471790079642774
0.8535687243763052,-2.733860962498168,4.842582249429754,3.4780795544247356
1.2282696656802927,-2.441018228174189,4.328702853335322,3.484369029206697
0.9946838786443101,-2.5107955846738292,3.3625010194248346,3.4906585039886586
0.9076287801052334,-2.4568119726519377,4.394687847527791,3.49694797877062
0.8903386129628934,-2.3416623309307067,4.269816675537272,3.503237453552582
0.9844951949137802,-2.5054066206688566,4.2733725740116215,3.5095269283345436
0.9644776250222333,-2.421808234951449,4.250783480438191,3.515816403116505
1.1641495154002057,-2.4119291812880386,4.097541275109768,3.5221058778984666
1.1124580511467144,-2.4707523804490426,4.718644310919523,3.528395352680428
1.119879399250573,-2.3067695580032455,5.656811170528373,3.5346848274623897
0.9666297543715346,-2.50393394430078,4.368903100973796,3.540974302244351
1.1152836732460314,-2.440679815273702,3.9868715620725497,3.5472637770263127
0.9314722095836562,-2.2546564469432147,4.90505710001596,3.553553251808274
1.0313182507220964,-2.2408882467027174,4.10390593505973,3.5598427265902357
1.1221613669018764,-2.1969278771331613,6.020400610093973,3.566132201372197
1.1065715642452947,-2.1278975288587634,4.287143421860782,3.5724216761541587
1.016205188446719,-2.139763337835257,5.110956161305388,3.5787111509361202
1.233031681169753,-2.2258580794349014,5.332977908179811,3.585000625718082
0.9278827976431334,-2.049627661561961,4.288535029385515,3.5912901005000437
1.1514293169216032,-2.112142319237075,5.424983219883423,3.5975795752820052
1.2089094517146735,-2.082670282074419,4.800748768441517,3.6038690500639667
1.015013393985722,-1.978560955350264,5.203206621261107,3.6101585248459283
1.2196308628020993,-2.055958988293302,5.182401794105108,3.6164479996278898
1.098042035829908,-2.082840104609592,5.38454608148646,3.6227374744098513
1.1598339486958658,-1.9699437050386739,4.881010672279781,3.629026949191813
1.0467043680904708,-1.8949463585941588,4.213123114182435,3.6353164239737743
1.182229698543141,-1.74406542840845,4.826426313375457,3.641605898755736
1.1797460324526292,-2.1706576037526064,5.134800748842999,3.6478953735376973
1.3431077455254365,-2.023896544769533,4.860549998422379,3.654184848319659
1.0496919284746373,-1.7779608618567395,5.039554063704528,3.6604743231016204
1.3207808650716206,-1.991020340030822,4.470450896318895,3.6667637978835823
1.4392879904105456,-1.8273040458043102,5.425564922867734,3.673053272665544
1.0048231477842158,-1.8652741112524607,4.531861353607623,3.6793427474475053
1.1010118210727202,-1.753125735805627,4.448021851495062,3.685632222229467
1.3797602966000624,-1.7426714027852863,4.709041898289683,3.6919216970114284
1.2660280593001974,-1.6006429990561188,5.421076885946576,3.69821117179339
1.2354230657174585,-1.8354759388498156,4.996067764416269,3.7045006465753514
1.305265392341806,-1.6979644034986348,3.9450513161356815,3.710790121357313
1.2178947320633278,-1.7532935127814906,4.934277254116784,3.7170795961392744
1.2775121394805986,-1.6210216683136813,5.522484032357832,3.723369070921236
1.2431395353584904,-1.7908901738876382,5.3510573950113685,3.7296585457031974
1.2696114274383539,-1.698895602687625,4.740044926253918,3.735948020485159
1.3678237265653863,-1.6797087157067137,4.733621319469557,3.7422374952671205
1.3003373030451946,-1.4477959439554038,4.730538706986033,3.7485269700490824
1.3264568525661486,-1.4445591253179206,4.941634854558937,3.754816444831044
1.2856061719366019,-1.4247143116158834,4.968332018993054,3.7611059196130054
1.2414462141560314,-1.3989433480427402,5.385744941663486,3.767395394394967
1.322790007987925,-1.510311602387354,4.8618876587068325,3.7736848691769285
1.5038185005915508,-1.3111919895243347,4.8464819779690025,3.77997434395889
1.3018035535389878,-1.2703622883272332,5.052812113863583,3.7862638187408515
1.2811855915681987,-1.3324459338179637,5.18028432639127,3.792553293522813
1.2707232881219608,-1.2644096054829457,4.99874694708053,3.7988427683047745
1.3105046891730385,-1.1157478103596883,3.687719870230687,3.805132243086736
1.3915049237469483,-1.4934432371873558,4.874709877559692,3.8114217178686975
1.3329659337837403,-1.1819291253327429,4.217939863482015,3.817711192650659
1.2870425264707004,-1.1832139871441947,4.846022634462949,3.824000667432621
1.116722338020635,-1.1565595827950432,4.817241966993056,3.8302901422145825
1.3056723219435267,-1.2596688385234893,4.793081198425376,3.836579616996544
1.3167036693171656,-1.202086806838197,4.2180639248132765,3.8428690917785056
1.2942361838924035,-1.255696150030116,3.9000246038338684,3.849158566560467
1.3463243481307856,-1.0138276155068118,4.683603846826146,3.8554480413424286
1.3109143986822323,-0.9075765196955231,3.684934649568116,3.86173751612439
1.3680330903745324,-0.8017797791135376,4.868376314203692,3.8680269909063516
1.1354064499763217,-0.7484817414251126,3.986682423999606,3.874316465688313
1.2688324135833018,-1.0861429708735868,3.307675859568276,3.8806059404702746
1.2196991063297487,-0.9653218026972036,4.3058145750880055,3.886895415252236
1.3326774328435176,-0.856644158096021,3.294478890401159,3.8931848900341977
1.3852509733060707,-0.8786977204224623,2.7608393734991985,3.899474364816159
1.4140815782664566,-0.774820222798128,3.228576302306271,3.905763839598121
1.2840004005630465,-0.9046835225121692,3.8818702315351574,3.9120533143800826
1.2440202057446106,-0.8675817429269347,4.026716712213695,3.918342789162044
1.3651370596545778,-0.813513334243426,2.6206982049291794,3.9246322639440057
1.4177958595596951,-0.600186505770427,3.226641833550148,3.930921738725967
1.18646912351248,-0.6896466148801744,2.7858130135885766,3.9372112135079287
1.2718580123269894,-0.7195114431157831,3.261924662754658,3.94350068828989
1.1994546997771922,-0.6483189744046562,3.2139608908024586,3.9497901630718517
1.126967118830929,-0.4250951910375216,3.1332223498742966,3.9560796378538132
1.192564129147635,-0.564196157564423,3.021943532500881,3.9623691126357747
1.2619465430360326,-0.49737644282918453,3.199103044693437,3.9686585874177362
1.2716909244593226,-0.5450848740796779,2.7859243701515646,3.9749480621996978
1.3267580463226278,-0.5154892451358957,2.8189685109698774,3.9812375369816593
1.2238625833927423,-0.29447664429025505,3.307609263832089,3.9875270117636212
1.4032641062448081,-0.4258174606307967,2.8806263315969076,3.9938164865455827
1.3812508570476365,-0.43335993105413906,1.67293280794332,4.000105961327544
1.091735947923424,-0.3170580704802477,3.012039219232788,4.006395436109505
0.9953965327374568,-0.2668446784824647,2.6780018011477393,4.012684910891467
1.2198956147410345,-0.4660323333814991,2.2814558655998485,4.018974385673428
1.099365447829864,-0.4437479308931088,2.709716572773129,4.02526386045539
1.2487945367246394,-0.11363963932489202,2.8022668208783283,4.031553335237352
1.1793482319176722,-0.2865362917091757,2.086586932790146,4.037842810019313
1.2385937662822106,-0.002120262138891965,1.9507479302164465,4.044132284801275
1.1114094071223912,-0.055050834678790864,1.567666916564554,4.050421759583236
1.0881150917306697,-0.11555434093449964,0.9201478998520273,4.056711234365198
1.1593321808747694,0.0328454589496112,1.611693508489783,4.063000709147159
1.097344019876073,0.05230236491590323,1.0329274931303614,4.069290183929121
1.0989780445470652,-0.06403648216855168,1.9312645198905836,4.075579658711082
1.2535698506970916,0.11185944365835586,1.9303942220185224,4.081869133493044
0.9155938442756222,-0.040972848557831565,1.4161480774049628,4.088158608275005
1.148269802456267,0.17780834810739637,1.5906210140354504,4.094448083056967
0.9571405694999506,0.11906714143027464,1.0681505837481755,4.1007375578389285
1.045255841048489,-0.05352575480851418,0.6887183369695876,4.10702703262089
1.0946965886680762,0.27121767867808577,0.9366835252971223,4.113316507402852
1.1804998407427747,0.17343289990290886,0.9468012339261346,4.119605982184813
0.8613402450900894,0.2539334308788846,0.45792439037003635,4.125895456966775
1.1853139251662879,0.25199484181984944,0.733700288121233,4.1321849317487365
0.7657508044357519,0.30979236242719144,0.6407722307400848,4.138474406530698
1.0722389927970044,0.2021746339215352,1.1206333436071625,4.1447638813126595
1.0538149399615153,0.1794637084668312,0.9033993877050481,4.1510533560946214
0.7098248881495567,0.41885713353388176,0.9737087289022894,4.1573428308765825
0.9187265484044773,0.46995871700257946,0.4842485593460102,4.1636323056585445
0.8083477172660086,0.37959602650912017,-0.3127012976004051,4.1699217804405055
0.9671735684953441,0.37498122790070454,-0.13265639995052106,4.1762112552224675
0.8599279857964425,0.5164746585658287,0.11456146888983275,4.182500730004429
0.9441281297734317,0.38770671294422937,0.0010279082551068086,4.1887902047863905
0.8613719670862902,0.4614173427606728,0.5269740971584764,4.1950796795683525
0.7846625981398635,0.4895655342217404,0.5484021994485135,4.2013691543503136
0.822594452036633,0.5002293619059275,-0.7948947360648274,4.2076586291322755
0.882519647772676,0.5388737750398285,-0.26146225577534465,4.213948103914237
0.8223167888773888,0.6776245434701487,-1.050689840012082,4.2202375786961985
0.6716244009208712,0.6032844472481846,-0.41018172008124326,4.22652705347816
0.7028086356322674,0.697699854029783,-0.9685076689058097,4.232816528260122
0.6859944496770372,0.6305810569381679,-1.28476176784255,4.239106003042083
0.8107911467671021,0.7153730665535932,-1.1369948510634273,4.245395477824045
0.7168752469090133,0.8815027130921337,-0.9828490678440815,4.251684952606006
0.7366193315412136,0.7372578615781898,-1.1480538263972095,4.257974427387968
0.8149565306858292,0.6562363594641317,-0.7940449097844938,4.264263902169929
0.758735488586965,0.8390834052218831,-2.037460214396359,4.270553376951891
0.6248654648480725,0.8704711165876279,-2.351992497991566,4.276842851733853
0.6105917272354884,0.8694521850092376,-1.4015642731783717,4.283132326515814
0.6722361321389502,0.8736476653829954,-1.3482116636664567,4.289421801297776
0.5390298313395765,0.9280315326791817,-1.8994288799492787,4.295711276079737
0.5289553835230458,0.9727409210820946,-2.1247512468339878,4.302000750861699
0.48725224443635495,0.9984990978910709,-1.1255333405993382,4.30829022564366
0.5439086093915291,1.0950626060541329,-1.3654818730911629,4.314579700425622
0.4373509225890681,0.9785440946490025,-1.9466338059485269,4.320869175207583
0.4628958905803015,0.939106066008881,-1.6077144795731186,4.327158649989545
0.3567804134125612,1.0031245770702042,-1.7528028583656685,4.333448124771506
0.4011704725002928,1.0315688046910234,-1.781389095497827,4.339737599553468
0.34308705089504327,1.1854765445729953,-2.4528095253091777,4.346027074335429
0.3519464313399089,1.1086395778560534,-1.9169957875891521,4.352316549117391
0.5378470907731757,1.2015718073755284,-3.5887061321128337,4.358606023899353
0.22882797513105402,1.2019384992411788,-2.4691980210692694,4.364895498681314
0.3539505311877366,1.169642308397117,-2.3736734328703997,4.371184973463276
0.302452803506806,1.1761263988821975,-2.2500891404408434,4.377474448245237
0.3292211518718698,1.3507401956092941,-2.2972083432016905,4.383763923027199
0.38957970752692156,1.385275595198471,-2.3339512123969848,4.39005339780916
0.3417957158431163,1.3991810895783676,-2.953792028121315,4.396342872591122
0.023410419474171773,1.253003678912791,-1.906129322694079,4.402632347373083
0.03957996890128895,1.3559650264172745,-3.4030399246666576,4.408921822155045
0.17807897521687244,1.4604973636388539,-3.8383380658033825,4.415211296937006
0.06595815379496245,1.1925649612678701,-2.081479913689609,4.421500771718968
-0.023469006242621715,1.3979736021808136,-2.9364318731678196,4.42779024650093
-0.0036465091826110435,1.4973833377992296,-2.7969514730896505,4.434079721282891
0.006730642651034707,1.3080239881209337,-3.691292730952544,4.440369196064853
0.11043179014939133,1.3713982785616523,-3.8093846275274785,4.446658670846814
-0.0292724555233648,1.4166372129681244,-3.3930893874698187,4.452948145628776
-0.08959239965185807,1.4732977134650878,-4.0171391208748215,4.459237620410737
-0.18371257918204786,1.6077193782440338,-3.597381369297164,4.465527095192699
-0.1334453589183765,1.5731165254493198,-3.9812077641079213,4.47181656997466
-0.14957154118203292,1.4955554482734659,-3.403040531224504,4.478106044756622
-0.008513793243562301,1.4831735112523285,-4.383723699404452,4.484395519538583
-0.12300136437754254,1.771498606023763,-3.837375429059965,4.490684994320545
-0.13396793979496177,1.5738106493469808,-4.178226753451712,4.496974469102506
-0.16853884767361255,1.6472616671096894,-3.5121930159885597,4.503263943884468
-0.19096241987223975,1.6275621664694602,-3.95330358635524,4.50955341866643
-0.245709834767583,1.6275172362143815,-3.310080088836176,4.515842893448391
-0.3047589394294389,1.9381046228607388,-4.335873751566864,4.522132368230353
-0.4074290043120811,1.7236836591462006,-3.712740915179822,4.528421843012314
-0.2954332458094701,1.5886329303682052,-3.9459683109192065,4.534711317794276
-0.5532286891179338,1.598204687918737,-4.435274172510175,4.541000792576237
-0.2748102559182951,1.7144726313203424,-4.8487968375949055,4.547290267358199
-0.4123807003413439,1.8445990807489885,-4.4002822955424135,4.55357974214016
-0.21879992399450154,1.7863822302761316,-4.246827219094344,4.559869216922122
-0.4609848879377281,1.6023496317292758,-3.9811887824359133,4.566158691704083
-0.3366230360010267,1.816449112867114,-4.834962852224891,4.572448166486045
-0.5012654258043798,1.8659486465250765,-4.887694221043377,4.578737641268006
-0.6118326638525178,1.8277486477711644,-4.682488982426056,4.585027116049968
-0.5051662256349211,1.8109435757315024,-3.716632043047585,4.59131659083193
-0.5835054121068414,1.9880935759299398,-4.103631175680903,4.597606065613891
-0.4245092428556476,1.8567017549851177,-4.513553939423213,4.603895540395853
-0.6591961604222193,1.7646149034646685,-4.054835486948624,4.610185015177814
-0.551507409342378,1.7935536656654882,-4.999114989702019,4.616474489959776
-0.6576080247143812,2.08294850190059,-4.809639433039347,4.622763964741737
-0.6261735448655126,1.945953764506788,-3.7901613203329525,4.629053439523699
-0.5856783826581022,1.9465578695416808,-4.916181998267084,4.63534291430566
-0.9650830340778723,1.890514862398974,-6.048271347357809,4.641632389087622
-0.6706561089828649,1.9791400215565778,-5.879214396138531,4.647921863869583
-0.8043158345925784,2.1297164471352876,-5.577050618005266,4.654211338651545
-0.7958192003461815,1.8257997456374908,-4.831681685253034,4.660500813433506
-0.88291369445065,1.6727706626722687,-5.240799045397786,4.666790288215468
-0.9415816898291114,2.0653192255456405,-5.066423778699817,4.67307976299743
-0.8159654624257464,1.8694910840632044,-4.704567170894848,4.679369237779391
-0.933230608867633,1.9853288170593077,-5.1514054721506,4.685658712561353
-0.8386067075757437,1.9445086844337023,-4.943972449423733,4.691948187343314
-0.9362167437826838,2.0690141999625182,-4.2786434771945885,4.698237662125276
-0.928448710345292,1.93015657541384,-5.911534947391168,4.704527136907237
-1.0638178810984469,1.8753537281823096,-3.7456488711277958,4.710816611689199
-1.2033069434608286,1.9609577150429942,-5.723207517167631,4.71710608647116
-1.1183038645738925,2.2210634831717018,-5.159133005053728,4.723395561253122
-0.9032235698305535,2.0066239660748373,-5.438157445116448,4.729685036035083
-1.1190213932939301,2.0892309275066547,-4.836997414766831,4.735974510817045
-1.097958409319244,2.0299325029950963,-5.552339521093318,4.742263985599006
-1.1621371077853777,2.202199765948938,-4.769365550973551,4.748553460380968
-1.2577013261008219,2.1575417997368316,-4.476150841542942,4.75484293516293
-1.2052230144098115,2.0984881484082942,-4.710999098648269,4.761132409944891
-1.2034254618868478,2.04241660882509,-5.3361547517052985,4.767421884726853
-1.1311668488008109,2.0274689227098324,-5.086394844211645,4.773711359508814
-1.2475489125041739,1.9271938598457108,-4.718379032722288,4.780000834290776
-1.441644196921015,2.1059961609981337,-5.344388955981321,4.786290309072737
-1.2720738996306096,2.044349531143277,-5.071104400772622,4.792579783854699
-1.3636841244227205,2.1954822361598834,-5.196142008542114,4.79886925863666
-1.4835641544393643,2.0518346265116008,-4.8588782485543005,4.805158733418622
-1.4925082429338266,2.2238582343694024,-4.743267373262996,4.811448208200583
-1.4799299057571795,2.0290233603818413,-5.855597982307642,4.817737682982545
-1.4440885850801173,2.0776811282140977,-4.845073747797867,4.824027157764506
-1.5139028058786206,2.0926362247730954,-4.691383975655244,4.830316632546468
-1.4760634282523526,2.0452824304734816,-4.043554588522299,4.83660610732843
-1.4507156778837573,1.9513162285986811,-4.340631683541823,4.842895582110391
-1.5387722187747426,2.015883216226249,-5.136075465490572,4.849185056892353
-1.4394752798840507,1.8751245755124966,-5.223827326307418,4.855474531674314
-1.637363534944404,2.109218220915424,-4.023927678584944,4.861764006456276
-1.746282853370055,2.0404219138188284,-4.536826298217888,4.8680534812382374
-1.6419935036940492,2.0779853560183446,-4.183402018707796,4.874342956020199
-1.5857486310196838,2.0927645185781145,-3.4712079168136647,4.8806324308021605
-1.7622880667359457,2.153737123689828,-4.615217134135557,4.886921905584122
-1.673804921141972,1.9584692618800812,-3.6003517437187154,4.8932113803660835
-1.7689573446313394,2.26281784003501,-4.531802568186627,4.8995008551480455
-1.8232252622720069,2.160515952470828,-4.212695341649947,4.9057903299300065
-1.6368505728782936,2.228136901342896,-3.75087784250147,4.9120798047119685
-1.5624922448420226,1.9824065965012985,-3.748025775097479,4.91836927949393
-1.8686850444735963,2.1641154803490155,-4.004164790775345,4.9246587542758915
-1.6930012627665578,1.9151603452842345,-3.553858683854985,4.9309482290578535
-1.8403282983284783,1.9005484578402654,-3.9369450078827435,4.9372377038398145
-1.7529990717263138,1.8378319794578815,-4.1695541943134184,4.9435271786217765
-1.5681225394614646,1.9341456516669207,-3.9120471663696694,4.9498166534037376
-1.8522617796810275,2.0335193696870397,-4.215482889250716,4.9561061281856995
-2.06100725142891,2.072733378992731,-4.036851374427644,4.962395602967661
-2.0500523857494026,1.9320128462366055,-3.1373369624859127,4.9686850777496225
-2.1967328140662086,1.9255709593232304,-3.200816466805199,4.974974552531584
-1.9484826936295225,1.9123103515512194,-3.547786180107945,4.981264027313546
-2.0500062273547894,1.9365721395657503,-3.3357864580563845,4.987553502095507
-1.9706933724812767,1.9693085330510707,-3.069156018653501,4.993842976877469
-2.010259688588438,1.9143135941046867,-3.4023747835286233,5.0001324516594305
-1.981978928519639,1.9889564081912432,-4.0044041982224945,5.006421926441392
-2.235461749090231,1.7696510481839975,-2.604443279975868,5.012711401223354
-2.116450191427372,1.8440241274906015,-3.0936522948293637,5.019000876005315
-2.184072446374116,1.8779062061304057,-2.8746605475375784,5.025290350787277
-2.101834521906361,2.057783718775993,-2.4368843792589168,5.031579825569238
-2.2819586204866074,1.906709389210099,-3.8152037013348243,5.0378693003512
-2.0174531377741425,1.7294004919857218,-2.3263929521899214,5.044158775133161
-2.3305219837362396,1.8534090048792973,-2.8052606039022985,5.050448249915123
-2.196187368308505,2.0046021161093126,-2.5057479789855126,5.056737724697084
-2.2498290375977064,1.7915109577115511,-2.208253492764696,5.063027199479046
-2.0897896752593175,1.665187108988563,-2.113154426452117,5.069316674261007
-2.287181777867315,1.7437589450203717,-2.8226062699944707,5.075606149042969
-2.2242451152422738,1.8911823982951828,-2.1745020602871183,5.081895623824931
-2.2696705089539946,1.6823273120918363,-1.8376809399189722,5.088185098606892
-2.4349800494388347,1.9333653202650056,-1.9273422656079287,5.094474573388854
-2.146052724512553,1.945433351576733,-1.5094499596501256,5.100764048170815
-2.405232378775951,1.779013082109856,-1.3055668901116464,5.107053522952777
-2.32794683882539,1.8375397457941411,-1.7211173079630666,5.113342997734738
-2.281236288301326,1.6928658349930552,-1.644711116525004,5.1196324725167
-2.3466762589449197,1.7197847400520758,-1.8658480116411953,5.125921947298661
-2.4911876834138074,1.6587738886553813,-0.7468590800451601,5.132211422080623
-2.4883654660002987,1.812000074890462,-1.4828460706557889,5.138500896862584
-2.2400772215438924,1.4769278509187853,-1.0769307557409233,5.144790371644546
-2.4950801983280164,1.6878313272850398,-0.8075934760211617,5.151079846426507
-2.636268293568678,1.676583592048003,-1.3615490616893728,5.157369321208469
-2.337207818785949,1.644500512628407,-1.07556827401676,5.163658795990431
-2.4451996707465327,1.5368546934268694,-0.8690901378848332,5.169948270772392
-2.454787053480368,1.7480926138894828,-1.8133202856798458,5.176237745554354
-2.459788205500379,1.6825244951117444,0.04769244765940192,5.182527220336315
-2.6316022441089,1.4253475907566,-0.7063185159528582,5.188816695118277
-2.481719329320528,1.7822232990917315,0.03849201312358427,5.195106169900238
-2.507924633868787,1.481075325950531,0.23402518477262607,5.2013956446822
-2.627237008329031,1.4699259008434025,-0.07587655658128772,5.207685119464161
-2.4088465069771092,1.4989431189323112,-0.2524962602056811,5.213974594246123
-2.584298307086479,1.447504574999767,-0.538937544604073,5.220264069028084
-2.671011730228731,1.5814793575649826,0.14621644824168128,5.226553543810046
-2.555118620226077,1.3691438581331767,-0.014839959022904968,5.232843018592007
-2.709404170775537,1.5711722790209097,-0.5805097453156156,5.239132493373969
-2.7814575352666204,1.5091594374100976,0.33052902518499083,5.245421968155931
-2.6017654079475734,1.4695738822517685,0.1551048346503915,5.251711442937892
-2.55818071224886,1.4129126309243054,0.9233715558590574,5.258000917719854
-2.468448852632948,1.3144497812974107,0.009947106178725962,5.264290392501815
-2.633457877061533,1.5424485244571784,0.0541419169909791,5.270579867283777
-2.602875401578048,1.4928024100614945,0.4433745569940363,5.276869342065738
-2.7974773734482627,1.4899169711871725,1.1996545718720182,5.2831588168477
-2.5668184950123365,1.3607755456804553,1.8220443572472518,5.289448291629661
-2.684815668826793,1.269374443271259,0.9827447200088978,5.295737766411623
-2.6474519654086124,1.487714370744948,1.5357469575343707,5.302027241193584
-2.7082466388065867,1.375843416196135,0.8147444220086885,5.308316715975546
-2.610150902060889,1.3705748686099772,0.3300520791059476,5.314606190757508
-2.692823719605397,1.155158948298617,1.320026240758958,5.320895665539469
-2.6853303225241354,1.259402858636102,2.3149221652586514,5.327185140321431
-2.8499620398110492,1.0801478466523915,1.9318734266836868,5.333474615103392
-2.8091737356857465,1.182458433609535,1.0860472157666599,5.339764089885354
-2.7790081714741293,1.1675443418125757,1.5086408284130195,5.346053564667315
-2.6629393973718556,1.140344696276885,1.5477184931717147,5.352343039449277
-2.904003648178032,1.299801152801144,1.8081440190730511,5.358632514231238
-2.8548716263049543,1.1959234671135215,1.8572409744933265,5.3649219890132
-2.749569017272041,1.1509782521851717,1.5648402892540811,5.371211463795161
-2.780997435576435,0.9890347434298645,1.7549662961636636,5.377500938577123
-2.6671671395244907,1.0602513007819794,2.8585539698882263,5.383790413359084
-2.739588894505576,1.0889602130098237,2.760492244344844,5.390079888141046
-2.8101951083867034,1.0329209870667124,3.068959897739059,5.396369362923008
-2.8808311607404775,1.0594457710880822,3.0840685541265755,5.402658837704969
-2.537518251303154,0.984373257172469,2.3308687054722115,5.408948312486931
-2.9879807299106265,1.0437635374359524,2.7733787681831923,5.415237787268892
-2.6366750396023892,1.0282009628174689,2.3897315033806947,5.421527262050854
-2.5869439611405567,0.9397406663619767,2.7137794761277823,5.427816736832815
-2.722885079848517,1.011361334117943,2.6136837025367488,5.434106211614777
-2.6354875421607926,0.7109369616016572,3.4742118205278416,5.440395686396738
-2.714448157033885,0.9226089997721352,2.8551153253950456,5.4466851611787
-2.831382587463157,0.7343197235382861,2.474008069536672,5.452974635960661
-2.8524013614220776,0.5953358712079243,3.6032229674202454,5.459264110742623
-2.8673266172017695,0.8145187434551154,3.2168728167029674,5.465553585524584
-2.5119056250249034,0.9473434063193151,3.2227384202488683,5.471843060306546
-2.6614511205612827,0.7044680239259662,2.8589307743555583,5.478132535088508
-2.4740032432026826,0.8899193854246653,3.664498282482389,5.484422009870469
-2.7807106783067748,0.7803430297260012,3.299731234114149,5.490711484652431
-2.6576239645741393,0.6785483326547974,3.182236023729504,5.497000959434392
-2.7274645906556705,0.7306394538138349,3.5762537100365837,5.503290434216354
-2.823686124490345,0.4983405570574473,3.614182904727183,5.509579908998315
-2.727346627711758,0.5703789202483696,3.6541346951770253,5.515869383780277
-2.476129982050196,0.6030416332934155,3.4990301135871476,5.522158858562238
-2.6644588452248463,0.7277629067105136,4.193493030273794,5.5284483333442
-2.6119179858249324,0.5521887994486182,4.3007355902138364,5.534737808126161
-2.717572164101132,0.7068140715254978,3.1463994978352714,5.541027282908123
-2.7542242104782706,0.3169673408423487,4.667141484161428,5.547316757690084
-2.7400070272253765,0.6088733849185712,4.122796884471468,5.553606232472046
-2.611103942017671,0.5593436405858604,4.503873067274777,5.559895707254008
-2.718988287404737,0.6107684570375901,4.084577105408554,5.566185182035969
-2.321652551106583,0.573418185085913,4.55561988784979,5.572474656817931
-2.6178010391694837,0.5143084242361584,4.343633508539161,5.578764131599892
-2.5863597790454547,0.40450248781234804,4.822728286571713,5.585053606381854
-2.5448674622187277,0.3845886221641219,4.4337426723137066,5.591343081163815
-2.5227010425868857,0.4740953803589023,3.5449141361260224,5.597632555945777
-2.672599761356726,0.5087513342750802,3.7774304283063778,5.603922030727738
-2.5277487942363397,0.12644042045815382,4.766535749827519,5.6102115055097
-2.5236846467422906,0.33723349251742807,4.743227905368502,5.6165009802916614
-2.5215497944428304,0.3601588755675165,4.52616296612976,5.622790455073623
-2.5167045833644566,0.126262756588824,4.814169397803089,5.6290799298555845
-2.472930582979292,0.39948519672335536,4.842758708807452,5.635369404637546
-2.6483391233089857,0.31461433186520954,4.732507956843881,5.641658879419508
-2.708831879023823,0.12195609737074091,5.018074920388273,5.6479483542014695
-2.4951493262079234,0.34825832790122135,4.33106318080759,5.654237828983431
-2.5087482077403798,0.11271048902150366,5.0511530679965855,5.6605273037653925
-2.3296356858272054,-0.0021351777291820084,4.412511079852556,5.666816778547354
-2.329023121771426,0.08592782626956391,5.82650679778779,5.6731062533293155
-2.4075098396197743,0.013079900313905227,5.6955636822091265,5.6793957281112775
-2.389875278937844,0.17811048100399085,4.545894942981322,5.6856852028932385
-2.443367309361312,0.10561759667831665,3.978890731955078,5.6919746776752005
-2.484627546893504,-0.020187382927891434,5.2196486799179995,5.698264152457162
-2.3920837600133935,0.04692257616172528,4.693329167170885,5.7045536272391235
-2.2959626406562643,0.135633801638557,5.235849950568923,5.710843102021085
-2.341784451010786,-0.17536386094429424,5.409094763387092,5.7171325768030465
-2.452983482868824,-0.03145398165450888,5.101389742341924,5.7234220515850085
-2.234406288350582,-0.02884356888234537,5.294692859053997,5.72971152636697
-2.2605381608224557,-0.07844552249604372,4.717413295837404,5.7360010011489315
-2.3301603443749066,-0.16868531097453693,5.035010582835422,5.742290475930893
-2.344988698242644,-0.0689598397067642,5.700550691875799,5.7485799507128545
-2.223969779969449,-0.03850717326834184,5.224732581562009,5.754869425494816
-2.2742137780931353,-0.2501249079819983,4.884091777816193,5.761158900276778
-2.0061839848297502,-0.0857690727815747,4.689674292101126,5.767448375058739
-2.063639210196362,-0.1494261510537184,5.857923843455547,5.773737849840701
-2.1480598466280014,-0.28878361779239153,4.906878175995608,5.780027324622662
-2.127301638641918,-0.21032898121609245,5.320599219477514,5.786316799404624
-2.079842373573982,-0.16440649028569132,4.824224479173716,5.792606274186585
-2.179001482823834,-0.27554571102164227,5.292095347687374,5.798895748968547
-2.1697439785626953,-0.26797589311276926,4.862019054222221,5.805185223750509
-2.1004098812945577,-0.36657004250121994,4.265665720989265,5.81147469853247
-1.84891989037805,-0.5125149461528599,5.31826099466732,5.817764173314432
-1.881579268439344,-0.3743125265876267,5.472335403788252,5.824053648096393
-2.095094579049707,-0.3712712771375517,5.1408710672208215,5.830343122878355
-1.846648118212637,-0.4330923970180761,4.950171803394855,5.836632597660316
-2.062974564498885,-0.4360714379231661,5.164698365022421,5.842922072442278
-2.0362805720232156,-0.4196056410299223,4.387694366380098,5.849211547224239
-1.8906034098706241,-0.38551758834163735,3.273263149641843,5.855501022006201
-1.8415436813791746,-0.5737260065229988,5.372746581350994,5.861790496788162
-1.8968825574079171,-0.3813354290779246,4.091852470932117,5.868079971570124
-1.91714091393386,-0.36410569815595134,3.4932719426959835,5.874369446352085
-1.7560801293403534,-0.5639335432263421,5.024871972464688,5.880658921134047
-1.9214716846485924,-0.45199470520045615,4.854144023140701,5.886948395916009
-1.870457518590003,-0.4772424037959403,4.986416189540216,5.89323787069797
-1.7166499804197468,-0.5405495631542679,3.593618767452922,5.899527345479932
-1.7375629580032657,-0.6288752472958584,4.419906949615607,5.905816820261893
-1.6579609495424352,-0.4633577523456194,4.67646732530843,5.912106295043855
-1.6848380882961023,-0.5294734646250466,4.274646049855184,5.918395769825816
-1.6337256061370788,-0.4305555526191833,4.069318983519637,5.924685244607778
-1.3928232794044657,-0.4385577982903196,4.002632453836361,5.930974719389739
-1.7085634255918465,-0.6451922173864144,4.4231413828646655,5.937264194171701
-1.607078047269957,-0.5808791764171499,4.073184019453393,5.943553668953662
-1.47101791299248,-0.6795423749685714,3.752102740357773,5.949843143735624
-1.4641662778447353,-0.7017029994461704,3.2545509532978207,5.956132618517585
-1.5089500370698645,-0.6993891047690474,5.033572396913853,5.962422093299547
-1.464388116473153,-0.7143302546018165,4.251124392874283,5.968711568081509
-1.1919381419773014,-0.6187827475298522,4.180755527656627,5.97500104286347
-1.5556037098447535,-0.8239984486536795,4.268685023566403,5.981290517645432
-1.38932451428083,-0.7298025733651393,4.245070681922954,5.987579992427393
-1.3356835827642992,-0.6047601063815425,3.210003283750405,5.993869467209355
-1.3945076621656403,-0.7248678151755188,3.361890921899292,6.000158941991316
-1.2258890389294672,-0.7600622901010187,3.613528037270923,6.006448416773278
-1.2852312246594748,-0.7441421544492942,3.4868801779683887,6.012737891555239
-1.3196617001833326,-0.6389884189364466,3.6578493333566673,6.019027366337201
-1.1280753646148283,-0.6822253024872529,2.365265434265269,6.025316841119162
-1.1621748254785893,-0.8428870704809426,3.152159665661545,6.031606315901124
-1.24116135141177,-0.7653983989596466,3.5020526281595914,6.037895790683086
-1.2375844383860197,-0.8309423291273658,3.795009940145099,6.044185265465047
-1.152808877966165,-0.8475148960609126,3.941961613566826,6.050474740247009
-1.2112883622583692,-0.7834008224536984,2.6357859580377774,6.05676421502897
-1.176949106042446,-0.7790473292796957,3.308718549065416,6.063053689810932
-1.0735618958261341,-0.7738940743121898,2.8110331581203027,6.069343164592893
-1.0659171982117366,-0.8748026294453157,3.647504455567269,6.075632639374855
-1.0754159940550059,-1.0176981942903396,3.4176591844637825,6.081922114156816
-1.0050834712182741,-0.9126414704092389,3.1472831830535246,6.088211588938778
-0.8426378685466384,-0.8748805700589039,2.7018426832193976,6.094501063720739
-0.986209580065271,-0.9208931845890695,3.690485149748329,6.100790538502701
-0.8195571715176077,-0.9307145428038527,2.5636093679990504,6.107080013284662
-0.7577340054200505,-0.9557489936715661,2.6610662305834474,6.113369488066624
-0.7262080984089456,-0.7927941391870164,2.0029909654280402,6.119658962848586
-0.8009674442067716,-0.8183918250011747,2.7688017242992613,6.125948437630547
-0.6015333992457608,-0.8045578832744225,2.65213984411844,6.132237912412509
-0.8285268125635579,-0.9661499219581825,2.4317363070391798,6.13852738719447
-0.4254362578337567,-0.80380419832718,1.542871621333979,6.144816861976432
-0.714479719143633,-0.9940984922645315,2.000615679669479,6.151106336758393
-0.7283567277515908,-0.9890259431546391,1.3666292559734057,6.157395811540355
-0.6289007947890624,-0.9365088426601049,2.156454399614739,6.163685286322316
-0.349348757405203,-0.9366581813471391,2.236777147801289,6.169974761104278
-0.48145432841322844,-0.971031047776505,1.8077836271461907,6.176264235886239
-0.3230338026566598,-0.9684172515689266,1.1216822921772398,6.182553710668201
-0.529737558403432,-1.0315621911999182,0.776580829493829,6.188843185450162
-0.5742375652038856,-1.0790054453207505,0.710422052123109,6.195132660232124
-0.30195970506825515,-1.022889734227769,1.5187374854772098,6.201422135014086
-0.24094379521444492,-1.0611577932013854,0.24317086003747462,6.207711609796047
-0.2665147931701257,-0.9484517251742353,0.5783511053203757,6.214001084578009
-0.3104200508935991,-0.8435983335085839,0.656536226916058,6.22029055935997
-0.3994914023310334,-1.123412092207542,0.49390380169874304,6.226580034141932
-0.33463044614024917,-0.9888700601909438,1.2637818028389374,6.232869508923893
-0.03553340142281544,-1.0412906541888716,1.1676571501704056,6.239158983705855
-0.13988524828975854,-1.1156980653796391,0.840687244580016,6.245448458487816
-0.1185319142746241,-1.0094591464274336,-0.2315431116601488,6.251737933269778
-0.06934993839045547,-1.0631619234651366,1.1982360041120215,6.258027408051739
0.006019304705054546,-1.0307066460366208,0.6830854805056669,6.264316882833701
-0.07880643893297794,-0.91360659257347,0.4895768054884134,6.270606357615662
-0.20224578460059295,-0.9558932205616836,-1.0249671213099805,6.276895832397624
0.2162713538544121,-0.9478986378361106,0.010801426502938822,6.283185307179586
